Year,orders_total,orders_with_customer_id,customer_id_coverage_pct
2021,1720,0,0.0
2022,377671,4429,1.172713817052408
2023,440373,440372,99.99977291977483
2024,188864,188864,100.0
